Ballhandler,Team,MP,Self-Creation,Create for Others,Basket Cuts,Movement Shooting,OREB,Ball Control,Drawing Doubles,Advantage PTS Created,MPSelf-Creation,MPCreate for Others,MPBasket Cuts,MPMovement Shooting,MPOREB,MPBall Control,MPDrawing Doubles,MPAdvantage PTS Created
Giannis Antetokounmpo,MIL,2289,8.2,2.1,1.6,0,1.6,0.3,3.9,17.8,18769.8,4806.9,3662.4,0,3662.4,686.7,8927.1,40744.2
Stephen Curry,GSW,2252,7,2.1,0.9,6.7,0.4,-0.1,0,17,15764,4729.2,2026.8,15088.4,900.8,-225.2,0,38284
Nikola Jokic,DEN,2571,5.5,2.6,1.8,0.3,1.8,-0.1,2.8,14.8,14140.5,6684.6,4627.8,771.3,4627.8,-257.1,7198.8,38050.8
Shai Gilgeous-Alexander,OKC,2598,8,1.8,0.4,0,0.6,0.9,1.3,13,20784,4676.4,1039.2,0,1558.8,2338.2,3377.4,33774
Kyrie Irving,DAL,1804,6.9,1.3,0.6,2.4,0.8,0.6,0.4,13,12447.6,2345.2,1082.4,4329.6,1443.2,1082.4,721.6,23452
Donovan Mitchell,CLE,2232,7.3,1.9,0.2,1.9,0.6,0.7,0.1,12.8,16293.6,4240.8,446.4,4240.8,1339.2,1562.4,223.2,28569.6
Luka Doncic,LAL,1179,7.4,2.6,0.3,0.9,0.5,-0.2,0.9,12.5,8727.066667,3066.266667,353.8,1061.4,589.6666667,-235.8666667,1061.4,14741.66667
Zion Williamson,NOP,857,6.6,1.8,1,0,2.1,-0.1,1.1,12.5,5656.2,1542.6,857,0,1799.7,-85.7,942.7,10712.5
Devin Booker,PHX,2795,5.5,2.6,0.7,2.4,0.7,0.1,0.4,12.4,15372.5,7267,1956.5,6708,1956.5,279.5,1118,34658
Kawhi Leonard,LAC,1180,5.4,1,1,1.1,0.8,0.6,2.3,12.2,6372,1180,1180,1298,944,708,2714,14396
Desmond Bane,MEM,2205,5.8,1.2,0.7,3.5,0.7,-0.2,0,11.7,12789,2646,1543.5,7717.5,1543.5,-441,0,25798.5
Tyrese Haliburton,IND,2451,6.8,2.4,0.2,1.3,0.4,0.6,0,11.6,16666.8,5882.4,490.2,3186.3,980.4,1470.6,0,28431.6
Kevin Durant,PHX,2265,5.1,1.5,0.6,2.5,0.3,-0.1,1.8,11.6,11551.5,3397.5,1359,5662.5,679.5,-226.5,4077,26274
Jalen Brunson,NYK,2301,7,2,0.4,0.9,0.3,0.4,0.2,11.3,16107,4602,920.4,2070.9,690.3,920.4,460.2,26001.3
Darius Garland,CLE,2301,6.2,2.3,0.3,1.8,0.5,-0.1,0,11,14266.2,5292.3,690.3,4141.8,1150.5,-230.1,0,25311
CJ McCollum,NOP,1832,5.5,1.2,0,3.1,0.5,0.8,0,11,10076,2198.4,0,5679.2,916,1465.6,0,20152
Jaylen Brown,BOS,2158,6.2,1.7,0.5,0.5,0.9,0.2,0.6,10.7,13379.6,3668.6,1079,1079,1942.2,431.6,1294.8,23090.6
Buddy Hield,GSW,1863,2,0.7,0.7,6,0.8,0.5,0,10.7,3726,1304.1,1304.1,11178,1490.4,931.5,0,19934.1
Karl-Anthony Towns,NYK,2517,4,0.9,1,0.8,2,0,1.6,10.3,10068,2265.3,2517,2013.6,5034,0,4027.2,25925.1
LeBron James,LAL,2444,4.7,2.5,1.3,0.5,0.8,-0.7,1.3,10.3,11486.8,6110,3177.2,1222,1955.2,-1710.8,3177.2,25173.2
Damian Lillard,MIL,2093,6.5,2.1,0,1.4,0.3,0,0,10.3,13604.5,4395.3,0,2930.2,627.9,0,0,21557.9
Sam Hauser,BOS,1541,0.8,0.4,0.4,6,0.7,1.8,0,10.2,1232.8,616.4,616.4,9246,1078.7,2773.8,0,15718.2
Tyrese Maxey,PHI,1960,6.9,1,0.5,0.9,0.2,0.7,0,10.2,13524,1960,980,1764,392,1372,0,19992
Jayson Tatum,BOS,2624,4.8,2.1,0.5,1,0.5,0.3,0.7,9.9,12595.2,5510.4,1312,2624,1312,787.2,1836.8,25977.6
Zach LaVine,SAC,1735,5.9,1,1,1.9,0.2,-0.3,0.1,9.9,10234.53333,1734.666667,1734.666667,3295.866667,346.9333333,-520.4,173.4666667,17173.2
Payton Pritchard,BOS,2271,3.8,1.3,0.2,2.3,1.1,0.9,0,9.7,8629.8,2952.3,454.2,5223.3,2498.1,2043.9,0,22028.7
Pascal Siakam,IND,2548,3.4,0.9,1.1,0,1.2,1.1,1.9,9.6,8663.2,2293.2,2802.8,0,3057.6,2802.8,4841.2,24460.8
Norman Powell,LAC,1958,5.1,0.7,0.4,2.4,0.3,0.7,0,9.6,9985.8,1370.6,783.2,4699.2,587.4,1370.6,0,18796.8
Jamal Murray,DEN,2418,4.1,1.4,0.4,2.3,0.4,0.5,0.4,9.5,9913.8,3385.2,967.2,5561.4,967.2,1209,967.2,22971
De'Aaron Fox,SAS,1494,5.7,1.8,0.7,0.5,0.6,0.1,0,9.4,8515.8,2689.2,1045.8,747,896.4,149.4,0,14043.6
T.J. McConnell,IND,1415,6.5,2,0.5,0,0.8,-0.4,0,9.3,9197.5,2830,707.5,0,1132,-566,0,13159.5
Trae Young,ATL,2739,6,3.3,0.2,0.6,0.3,-1.3,0.1,9.3,16434,9038.7,547.8,1643.4,821.7,-3560.7,273.9,25472.7
Anthony Edwards,MIN,2871,5.4,1.3,0.6,0.7,0.6,0.1,0.7,9.2,15503.4,3732.3,1722.6,2009.7,1722.6,287.1,2009.7,26413.2
LaMelo Ball,CHA,1505,5.1,2.5,0,1.1,0.8,-0.2,0,9.2,7675.5,3762.5,0,1655.5,1204,-301,0,13846
Ivica Zubac,LAC,2624,1.6,0.7,1.3,0,2.9,0.3,2.3,9.2,4198.4,1836.8,3411.2,0,7609.6,787.2,6035.2,24140.8
Klay Thompson,DAL,1965,1,0.9,0.4,5.4,0.6,0.8,0,9.2,1965,1768.5,786,10611,1179,1572,0,18078
Paolo Banchero,ORL,1582,3.4,1.2,0.8,0,0.9,0.3,2.6,9.1,5378.8,1898.4,1265.6,0,1423.8,474.6,4113.2,14396.2
Luke Kennard,MEM,1472,1.8,1,0,5.9,0.6,-0.3,0,9,2649.6,1472,0,8684.8,883.2,-441.6,0,13248
Ja Morant,MEM,1519,5.6,2.6,0.6,0,0.5,-0.7,0.3,9,8506.4,3949.4,911.4,0,759.5,-1063.3,455.7,13671
James Harden,LAC,2789,6.2,2.4,0,0.7,0.5,-1.3,0.4,8.9,17291.8,6693.6,0,1952.3,1394.5,-3625.7,1115.6,24822.1
Tyler Herro,MIA,2725,4.6,1.5,0.4,1.9,0.3,0.2,0,8.9,12535,4087.5,1090,5177.5,817.5,545,0,24252.5
Sam Merrill,CLE,1401,0,0.7,0.6,5.8,0.7,1.1,0,8.9,0,980.7,840.6,8125.8,980.7,1541.1,0,12468.9
Joel Embiid,PHI,574,2.8,1.3,0,0,1.6,-0.3,3.4,8.8,1607.2,746.2,0,0,918.4,-172.2,1951.6,5051.2
Anthony Davis,DAL,1137,1.7,1,1.5,0,1.9,0.6,2.1,8.8,1933.466667,1137.333333,1706,0,2160.933333,682.4,2388.4,10008.53333
Isaiah Joe,OKC,1604,1.1,0.6,0.6,4.2,0.7,1.5,0,8.7,1764.4,962.4,962.4,6736.8,1122.8,2406,0,13954.8
Domantas Sabonis,SAC,2429,2.1,1.6,1.9,0,2.8,-1,1.2,8.6,5100.9,3886.4,4615.1,0,6801.2,-2429,2914.8,20889.4
Julius Randle,MIN,2226,3.6,1.7,0.8,0,1.5,-0.7,1.6,8.5,8013.6,3784.2,1780.8,0,3339,-1558.2,3561.6,18921
Cam Thomas,BKN,781,4.6,1.2,0,1.9,0.5,0.4,0,8.5,3592.6,937.2,0,1483.9,390.5,312.4,0,6638.5
Franz Wagner,ORL,2023,3.8,1.4,1.1,0,0.7,0.6,0.8,8.4,7687.4,2832.2,2225.3,0,1416.1,1213.8,1618.4,16993.2
Austin Reaves,LAL,2550,4.3,1.8,0.5,1.3,0.6,-0.1,0,8.4,10965,4590,1275,3315,1530,-255,0,21420
Trayce Jackson-Davis,GSW,967,1.2,1.1,2.5,0,3.1,0.2,0.3,8.4,1160.4,1063.7,2417.5,0,2997.7,193.4,290.1,8122.8
Jalen Williams,OKC,2237,4.3,1.5,0.9,0.6,0.6,0.5,0,8.4,9619.1,3355.5,2013.3,1342.2,1342.2,1118.5,0,18790.8
Collin Sexton,UTA,1758,4.7,1.4,0.7,1.2,0.8,-0.4,0,8.4,8262.6,2461.2,1230.6,2109.6,1406.4,-703.2,0,14767.2
Michael Porter Jr.,DEN,2593,1.4,0.6,1.3,3,1.2,0.9,0,8.3,3630.2,1555.8,3370.9,7779,3111.6,2333.7,0,21521.9
Terry Rozier,MIA,1658,4,0.8,0.3,2.1,0.7,0.5,0,8.3,6632,1326.4,497.4,3481.8,1160.6,829,0,13761.4
Lauri Markkanen,UTA,1476,1.2,0.5,0.9,3.3,1.2,1,0.3,8.3,1771.2,738,1328.4,4870.8,1771.2,1476,442.8,12250.8
DeMar DeRozan,SAC,2768,2.8,1.2,0.4,0.4,0.4,1.3,1.5,8.2,7750.4,3321.6,1107.2,1107.2,1107.2,3598.4,4152,22697.6
Paul George,PHI,1334,4.3,1.1,0,2.2,0.4,-0.6,0.5,8,5736.2,1467.4,0,2934.8,533.6,-800.4,667,10672
Bradley Beal,PHX,1702,3.4,1.5,0.8,1.7,0.5,0.2,0,8,5786.8,2553,1361.6,2893.4,851,340.4,0,13616
Malcolm Brogdon,WAS,564,4.8,1.3,0.7,0,0.9,0.1,0,7.9,2707.2,733.2,394.8,0,507.6,56.4,0,4455.6
Miles Bridges,CHA,2029,4.1,1.3,0.4,0.8,0.8,0.5,0,7.8,8318.9,2637.7,811.6,1623.2,1623.2,1014.5,0,15826.2
Cade Cunningham,DET,2452,4,2.6,0.3,0.3,0.5,-0.8,0.9,7.8,9808,6375.2,735.6,735.6,1226,-1961.6,2206.8,19125.6
Anfernee Simons,POR,2292,3.7,1,0,2.4,0.3,0.4,0,7.7,8480.4,2292,0,5500.8,687.6,916.8,0,17648.4
Seth Curry,CHA,1062,2,0.5,0,3.6,0.6,0.9,0,7.6,2124,531,0,3823.2,637.2,955.8,0,8071.2
Trendon Watford,BKN,913,4.7,1,0.6,0,1.1,-1.1,1.3,7.6,4291.1,913,547.8,0,1004.3,-1004.3,1186.9,6938.8
Harrison Barnes,SAS,2230,2.5,0.6,0.5,1.1,1.1,1.4,0.3,7.5,5575,1338,1115,2453,2453,3122,669,16725
Bobby Portis,MIL,1244,1.2,0.8,0.8,1,1.7,0.9,1.1,7.5,1492.8,995.2,995.2,1244,2114.8,1119.6,1368.4,9330
Jaren Jackson Jr.,MEM,2207,3.2,0.7,0.2,0,1,0.6,1.8,7.5,7062.4,1544.9,441.4,0,2207,1324.2,3972.6,16552.5
Moritz Wagner,ORL,564,3.3,0.5,2.3,0,1.8,-0.4,0,7.5,1861.2,282,1297.2,0,1015.2,-225.6,0,4230
Daniel Gafford,DAL,1226,1.9,0.5,1.5,0,3.1,0.1,0.3,7.4,2329.4,613,1839,0,3800.6,122.6,367.8,9072.4
Jrue Holiday,BOS,1896,2.9,1.6,0.6,1.1,1,0.2,0,7.4,5498.4,3033.6,1137.6,2085.6,1896,379.2,0,14030.4
Brandon Miller,CHA,924,2.2,0.8,0,3.8,0.7,-0.1,0,7.4,2032.8,739.2,0,3511.2,646.8,-92.4,0,6837.6
Kevon Looney,GSW,1142,0.6,1.3,1.3,0,3.9,0.3,0,7.4,685.2,1484.6,1484.6,0,4453.8,342.6,0,8450.8
Malik Monk,SAC,2054,4,1.9,0.5,0.8,0.3,-0.3,0.2,7.4,8216,3902.6,1027,1643.2,616.2,-616.2,410.8,15199.6
Lindy Waters III,DET,519,0,0.6,0,4.9,0.6,1.2,0,7.3,0,311.2,0,2541.466667,311.2,622.4,0,3786.266667
Nikola Vucevic,CHI,2278,1.5,0.9,1.3,0,1.8,0.6,1.2,7.3,3417,2050.2,2961.4,0,4100.4,1366.8,2733.6,16629.4
Aaron Wiggins,OKC,1744,2.6,0.6,0.9,1.1,1.1,0.9,0,7.2,4534.4,1046.4,1569.6,1918.4,1918.4,1569.6,0,12556.8
Jeff Dowtin Jr.,PHI,621,4.3,1,0,0,0.5,1.5,0,7.2,2670.3,621,0,0,310.5,931.5,0,4471.2
Corey Kispert,WAS,1602,2.5,0.3,1,2.3,0.6,0.6,0,7.2,4005,480.6,1602,3684.6,961.2,961.2,0,11534.4
Mike Conley,MIN,1756,3.3,1.2,0,2.4,0.5,-0.1,0,7.2,5794.8,2107.2,0,4214.4,878,-175.6,0,12643.2
Mikal Bridges,NYK,3036,1.6,0.8,1.3,2.1,0.6,0.6,0.2,7.2,4857.6,2428.8,3946.8,6375.6,1821.6,1821.6,607.2,21859.2
Coby White,CHI,2450,4.6,1.1,0.4,0.9,0.2,0,0,7.2,11270,2695,980,2205,490,0,0,17640
RJ Barrett,TOR,1869,3.8,1.5,1.1,0,0.8,-0.1,0.2,7.2,7102.2,2803.5,2055.9,0,1495.2,-186.9,373.8,13456.8
Brandon Clarke,MEM,1207,0.9,0.5,2.6,0,2.4,0.8,0,7.1,1086.3,603.5,3138.2,0,2896.8,965.6,0,8569.7
Sandro Mamukelashvili,SAS,681,1.7,0.8,1.4,0,2.1,1,0,7.1,1157.7,544.8,953.4,0,1430.1,681,0,4835.1
Cameron Johnson,BKN,1800,1.9,1,0.9,2.1,0.8,0.4,0,7.1,3420,1800,1620,3780,1440,720,0,12780
Bam Adebayo,MIA,2674,1.9,1.1,0.8,0,1.8,0.2,1.2,7,5080.6,2941.4,2139.2,0,4813.2,534.8,3208.8,18718
Devin Vassell,SAS,1983,2.5,0.8,0.4,2,0.4,0.9,0,6.9,4957.5,1586.4,793.2,3966,793.2,1784.7,0,13682.7
Grayson Allen,PHX,1544,1.5,1.3,0.3,3.1,0.6,0,0,6.9,2316,2007.2,463.2,4786.4,926.4,0,0,10653.6
D'Angelo Russell,BKN,987,3,1.8,0.4,1.5,0.3,-0.2,0,6.9,2960,1776,394.6666667,1480,296,-197.3333333,0,6808
Immanuel Quickley,TOR,918,3.1,1.7,0,1.2,0.4,0.4,0,6.9,2845.8,1560.6,0,1101.6,367.2,367.2,0,6334.2
Malik Beasley,DET,2283,0.8,0.5,0.3,3.5,0.5,1.3,0,6.9,1826.4,1141.5,684.9,7990.5,1141.5,2967.9,0,15752.7
Tre Jones,CHI,603,3.4,1.5,1,0,0.8,0.1,0,6.8,2051.333333,905,603.3333333,0,482.6666667,60.33333333,0,4102.666667
Keldon Johnson,SAS,1838,2.7,0.7,0.9,0,1.5,0.9,0.2,6.8,4962.6,1286.6,1654.2,0,2757,1654.2,367.6,12498.4
Jonathan Kuminga,GSW,1144,1.9,1,2.1,0,1.1,0.6,0,6.8,2173.6,1144,2402.4,0,1258.4,686.4,0,7779.2
Trey Murphy III,NOP,1854,2.8,0.8,0.7,1.3,0.6,0.6,0,6.8,5191.2,1483.2,1297.8,2410.2,1112.4,1112.4,0,12607.2
Brandon Ingram,NOP,595,3.7,1.7,0,0,0.7,-0.9,1.4,6.7,2201.5,1011.5,0,0,416.5,-535.5,833,3986.5
Jordan Hawkins,NOP,1321,1.2,0.4,0,3.8,0.4,0.8,0,6.7,1585.2,528.4,0,5019.8,528.4,1056.8,0,8850.7
Aaron Nesmith,IND,1123,1.6,0.4,0.8,2,0.8,0.9,0,6.6,1796.8,449.2,898.4,2246,898.4,1010.7,0,7411.8
Duncan Robinson,MIA,1785,1.5,0.9,0.8,2.8,0.3,0.3,0,6.6,2677.5,1606.5,1428,4998,535.5,535.5,0,11781
Jalen Green,HOU,2697,4,0.7,0.5,0.6,0.4,0.2,0.1,6.6,10788,1887.9,1348.5,1618.2,1078.8,539.4,269.7,17800.2
Bennedict Mathurin,IND,2149,2.4,0.5,1.3,1.1,1.1,0.1,0,6.4,5157.6,1074.5,2793.7,2363.9,2363.9,214.9,0,13753.6
Tyus Jones,PHX,2174,2,2,0.3,1.5,0.5,0.2,0,6.4,4348,4348,652.2,3261,1087,434.8,0,13913.6
Fred VanVleet,HOU,2111,3,1.2,0,1.3,0.4,0.6,0,6.4,6333,2533.2,0,2744.3,844.4,1266.6,0,13510.4
Derrick White,BOS,2574,2.1,1.4,0.4,1.5,0.7,0.2,0,6.4,5405.4,3603.6,1029.6,3861,1801.8,514.8,0,16473.6
Kevin Huerter,CHI,1119,1.4,1,0.9,2,0.4,0.6,0,6.4,1567.066667,1119.333333,1007.4,2238.666667,447.7333333,671.6,0,7163.733333
Moses Moody,GSW,1649,1.7,0.5,0.7,1.7,0.8,1,0,6.4,2803.3,824.5,1154.3,2803.3,1319.2,1649,0,10553.6
Jakob Poeltl,TOR,1686,0.8,0.7,2.4,0,2.7,-0.6,0.3,6.4,1348.8,1180.2,4046.4,0,4552.2,-1011.6,505.8,10790.4
Scottie Barnes,TOR,2134,2.3,1.5,0.6,0,1.2,-0.3,1,6.4,4908.2,3201,1280.4,0,2560.8,-640.2,2134,13657.6
OG Anunoby,NYK,2706,1.9,0.5,1,0.8,0.9,0.9,0.3,6.3,5141.4,1353,2706,2164.8,2435.4,2435.4,811.8,17047.8
Evan Mobley,CLE,2167,1.6,1.1,1.3,0,1.8,0,0.5,6.3,3467.2,2383.7,2817.1,0,3900.6,0,1083.5,13652.1
Max Strus,CLE,1273,0.9,1.2,0.7,2.3,1.1,0,0,6.3,1145.7,1527.6,891.1,2927.9,1400.3,0,0,8019.9
Johnny Juzang,UTA,1270,0.9,0.3,0.4,2.5,0.8,1.3,0,6.3,1143,381,508,3175,1016,1651,0,8001
Ausar Thompson,DET,1328,2,1.1,1.5,0,1.9,-0.2,0,6.2,2656,1460.8,1992,0,2523.2,-265.6,0,8233.6
Andrew Wiggins,MIA,1228,2.3,0.9,0.8,0,1.2,0.5,0.4,6.2,2824.4,1105.2,982.4,0,1473.6,614,491.2,7613.6
Bogdan Bogdanovic,LAC,899,2,1.1,0.4,2.3,0.5,0,0,6.2,1797.333333,988.5333333,359.4666667,2066.933333,449.3333333,0,0,5571.733333
Luke Kornet,BOS,1361,0,0.9,1,0,3.4,0.8,0,6.2,0,1224.9,1361,0,4627.4,1088.8,0,8438.2
Collin Gillespie,PHX,461,2.5,1.8,0,0,1.2,0.7,0,6.2,1152.5,829.8,0,0,553.2,322.7,0,2858.2
Cameron Payne,NYK,1090,2.7,1.5,0,1.1,0.3,0.5,0,6.1,2943,1635,0,1199,327,545,0,6649
Chris Boucher,TOR,862,0.9,0.3,1.6,0,2,1.3,0,6.1,775.8,258.6,1379.2,0,1724,1120.6,0,5258.2
Talen Horton-Tucker,CHI,724,4.2,0.9,0,0,0.6,0.4,0,6.1,3040.8,651.6,0,0,434.4,289.6,0,4416.4
Aaron Gordon,DEN,1447,1.5,1.2,0.8,0,1.6,0.2,0.7,6.1,2170.5,1736.4,1157.6,0,2315.2,289.4,1012.9,8826.7
Georges Niang,ATL,1131,1.4,0.6,0.7,2.5,0.7,0.2,0,6.1,1583.866667,678.8,791.9333333,2828.333333,791.9333333,226.2666667,0,6901.133333
Guerschon Yabusele,PHI,1895,1.9,0.6,0.9,0,1.7,0,1,6.1,3600.5,1137,1705.5,0,3221.5,0,1895,11559.5
Jarrett Allen,CLE,2296,0.6,0.6,2.3,0,2.3,0.2,0,6.1,1377.6,1377.6,5280.8,0,5280.8,459.2,0,14005.6
Victor Wembanyama,SAS,1527,1.6,1.4,0.6,0,1.3,-0.3,1.5,6.1,2443.2,2137.8,916.2,0,1985.1,-458.1,2290.5,9314.7
Olivier-Maxence Prosper,DAL,584,1.4,0.6,0.8,0,1.8,1.4,0,6,817.6,350.4,467.2,0,1051.2,817.6,0,3504
Ty Jerome,CLE,1392,3.2,1.9,0,0,0.8,0.1,0,6,4454.4,2644.8,0,0,1113.6,139.2,0,8352
Rui Hachimura,LAL,1869,1.2,0.4,1.2,0.9,1,1.2,0.2,6,2242.8,747.6,2242.8,1682.1,1869,2242.8,373.8,11214
Miles McBride,NYK,1593,1.5,0.8,0.3,1.5,0.6,1.3,0,6,2389.5,1274.4,477.9,2389.5,955.8,2070.9,0,9558
Kyle Anderson,MIA,668,1.9,1.6,0.6,0,1.3,0.5,0,6,1269.2,1068.8,400.8,0,868.4,334,0,4008
Jared Butler,PHX,696,3.9,1.8,0,0,0.6,-0.4,0,5.9,2714.4,1252.8,0,0,417.6,-278.4,0,4106.4
Keaton Wallace,ATL,501,2.8,0.8,0,2.9,0.3,-1,0,5.9,1402.8,400.8,0,1452.9,150.3,-501,0,2955.9
Shaedon Sharpe,POR,2252,2.3,0.7,0.6,1.3,0.7,0.3,0,5.9,5179.6,1576.4,1351.2,2927.6,1576.4,675.6,0,13286.8
Tyrese Martin,BKN,1315,1.9,0.8,0.6,1.7,1.1,-0.2,0,5.9,2498.5,1052,789,2235.5,1446.5,-263,0,7758.5
Keon Ellis,SAC,1948,0.9,0.6,0.4,3.2,0.8,0,0,5.9,1753.2,1168.8,779.2,6233.6,1558.4,0,0,11493.2
Ayo Dosunmu,CHI,1394,3.5,1.2,0.7,0,0.4,0,0,5.8,4879,1672.8,975.8,0,557.6,0,0,8085.2
Jordan Poole,WAS,2001,3.6,1.3,0.5,0.7,0.4,-0.6,0,5.8,7203.6,2601.3,1000.5,1400.7,800.4,-1200.6,0,11605.8
Brandin Podziemski,GSW,1716,1.8,1.2,0.8,0.5,0.9,0.5,0,5.8,3088.8,2059.2,1372.8,858,1544.4,858,0,9952.8
Obi Toppin,IND,1545,1.6,0.6,1.4,0.5,0.8,0.6,0.2,5.8,2472,927,2163,772.5,1236,927,309,8961
Gary Payton II,GSW,927,1,0.9,2.2,0,1.3,0.3,0,5.8,927,834.3,2039.4,0,1205.1,278.1,0,5376.6
Keegan Murray,SAC,2610,0.9,0.3,0.5,1.3,1.4,1.3,0,5.8,2349,783,1305,3393,3654,3393,0,15138
Caris LeVert,ATL,1064,2.1,1.3,1.3,0,0.6,0.5,0,5.8,2234.4,1383.2,1383.2,0,638.4,532,0,6171.2
Jaime Jaquez Jr.,MIA,1368,2.5,1.2,0.7,0,1.6,-0.8,0.6,5.7,3420,1641.6,957.6,0,2188.8,-1094.4,820.8,7797.6
Ja'Kobe Walter,TOR,1103,0.9,0.7,0.9,1.5,1.3,0.4,0,5.7,992.7,772.1,992.7,1654.5,1433.9,441.2,0,6287.1
Mark Williams,CHA,1171,0,0.5,2.3,0,2.8,0.1,0,5.7,0,585.5,2693.3,0,3278.8,117.1,0,6674.7
Stephon Castle,SAS,2162,2.7,1.6,0.8,0,1,-0.3,0,5.7,5837.4,3459.2,1729.6,0,2162,-648.6,0,12323.4
Tim Hardaway Jr.,DET,2153,0.8,0.6,0.4,2.3,0.2,1.4,0,5.7,1722.4,1291.8,861.2,4951.9,430.6,3014.2,0,12272.1
Tobias Harris,DET,2305,1.6,0.5,0.9,0.4,0.7,0.8,0.8,5.7,3688,1152.5,2074.5,922,1613.5,1844,1844,13138.5
Jerami Grant,POR,1524,1.3,0.7,0,1.5,0.4,0.7,1.1,5.7,1981.2,1066.8,0,2286,609.6,1066.8,1676.4,8686.8
Zach Collins,CHI,651,0.9,0.8,1.6,0,2.5,-0.6,0.5,5.6,586.2,521.0666667,1042.133333,0,1628.333333,-390.8,325.6666667,3647.466667
Khris Middleton,WAS,562,2,1.6,0,1.3,0.4,-0.1,0.5,5.6,1124,899.2,0,730.6,224.8,-56.2,281,3147.2
Tari Eason,HOU,1420,1.3,0.7,0.9,0,2.1,0.6,0,5.6,1846,994,1278,0,2982,852,0,7952
Naz Reid,MIN,2200,1.6,0.8,0.7,0.5,1,0.6,0.4,5.6,3520,1760,1540,1100,2200,1320,880,12320
Deni Avdija,POR,2161,3.4,1.4,0.5,0,1.2,-0.9,0,5.6,7347.4,3025.4,1080.5,0,2593.2,-1944.9,0,12101.6
Brandon Williams,DAL,487,4.6,1.1,0,0,0.5,-0.7,0,5.6,2240.2,535.7,0,0,243.5,-340.9,0,2727.2
Ryan Dunn,PHX,1410,0.8,0.7,1.3,0,1.6,1.1,0,5.6,1128,987,1833,0,2256,1551,0,7896
Spencer Dinwiddie,DAL,2136,3.1,1.6,0,0.5,0.2,0.2,0,5.6,6621.6,3417.6,0,1068,427.2,427.2,0,11961.6
Yves Missi,NOP,1956,0.8,0.2,1.3,0,3.2,0,0,5.6,1564.8,391.2,2542.8,0,6259.2,0,0,10953.6
Onyeka Okongwu,ATL,2064,0.4,0.7,1.5,0,2.5,0.4,0,5.5,825.6,1444.8,3096,0,5160,825.6,0,11352
Terance Mann,ATL,943,1.5,0.7,0.9,0.7,1.2,0.6,0,5.5,1414,659.8666667,848.4,659.8666667,1131.2,565.6,0,5184.666667
Clint Capela,ATL,1176,0,0.3,1.1,0,3.5,0.6,0,5.5,0,352.8,1293.6,0,4116,705.6,0,6468
De'Andre Hunter,CLE,1160,1.6,0.5,0.6,1.3,0.6,0.9,0,5.5,1856,580,696,1508,696,1044,0,6380
Christian Braun,DEN,2675,1.1,0.7,1.7,0,1,1,0,5.4,2942.5,1872.5,4547.5,0,2675,2675,0,14445
John Collins,UTA,1220,1.8,0.6,1.1,0,1.8,-0.5,0.7,5.4,2196,732,1342,0,2196,-610,854,6588
Ricky Council IV,PHI,1250,2.5,0.6,0.6,0,1,0.8,0,5.4,3125,750,750,0,1250,1000,0,6750
Cason Wallace,OKC,1876,1.2,1,0.5,1.4,1,0.4,0,5.4,2251.2,1876,938,2626.4,1876,750.4,0,10130.4
Day'Ron Sharpe,BKN,907,0,0.7,0.8,0,4.1,-0.7,0.4,5.4,0,634.9,725.6,0,3718.7,-634.9,362.8,4897.8
Jalen Smith,CHI,962,0.7,0.4,1,0,2.2,1.1,0,5.4,673.4,384.8,962,0,2116.4,1058.2,0,5194.8
Scotty Pippen Jr.,MEM,1683,3.1,1.7,0.8,0,0.9,-1.1,0,5.4,5217.3,2861.1,1346.4,0,1514.7,-1851.3,0,9088.2
Jaden Ivey,DET,898,2.4,1.8,0.9,0,1.1,-0.9,0,5.3,2155.2,1616.4,808.2,0,987.8,-808.2,0,4759.4
Chris Paul,SAS,2292,3.6,1.8,0,0.6,0.4,-1.1,0,5.3,8251.2,4125.6,0,1375.2,916.8,-2521.2,0,12147.6
Keon Johnson,BKN,1925,2.1,0.8,0.5,1,0.8,0,0,5.3,4042.5,1540,962.5,1925,1540,0,0,10202.5
Cam Whitmore,HOU,827,2.3,0.4,0.8,0,1.1,0.6,0,5.3,1902.1,330.8,661.6,0,909.7,496.2,0,4383.1
Orlando Robinson,TOR,513,1.1,0.8,1.2,0,2.8,-0.6,0,5.3,564.6666667,410.6666667,616,0,1437.333333,-308,0,2720.666667
Amen Thompson,HOU,2225,1.7,1,1,0,2.1,-0.5,0,5.3,3782.5,2225,2225,0,4672.5,-1112.5,0,11792.5
Jaden McDaniels,MIN,2614,1.9,0.5,0.7,0.3,1.2,0.6,0,5.2,4966.6,1307,1829.8,784.2,3136.8,1568.4,0,13592.8
Gary Trent Jr.,MIL,1893,1.3,0.4,0,1.8,0.3,1.5,0,5.2,2460.9,757.2,0,3407.4,567.9,2839.5,0,9843.6
Deandre Ayton,POR,1206,0.6,0.3,1.2,0,2.6,0,0.5,5.2,723.6,361.8,1447.2,0,3135.6,0,603,6271.2
Pat Connaughton,MIL,603,3,1.3,0,0,0.7,0.3,0,5.2,1809,783.9,0,0,422.1,180.9,0,3135.6
Chet Holmgren,OKC,877,1.9,0.6,1.1,0,1.4,0,0.2,5.2,1666.3,526.2,964.7,0,1227.8,0,175.4,4560.4
Ryan Rollins,MIL,820,3.1,1.1,0,1.1,0.6,-0.7,0,5.2,2542,902,0,902,492,-574,0,4264
Bruce Brown,NOP,615,1.3,0.8,1.5,0,1.1,0.4,0,5.2,799.0666667,491.7333333,922,0,676.1333333,245.8666667,0,3196.266667
Isaiah Hartenstein,OKC,1590,0.4,1.3,1.6,0,2.6,-0.7,0,5.1,636,2067,2544,0,4134,-1113,0,8109
Alex Caruso,OKC,1041,1.1,1.1,0.9,0.7,0.8,0.6,0,5.1,1145.1,1145.1,936.9,728.7,832.8,624.6,0,5309.1
Josh Hart,NYK,2897,1.6,1.6,1.2,0,1.5,-0.7,0,5.1,4635.2,4635.2,3476.4,0,4345.5,-2027.9,0,14774.7
Jalen Duren,DET,2034,0.8,0.8,1.3,0,3.3,-1.1,0,5.1,1627.2,1627.2,2644.2,0,6712.2,-2237.4,0,10373.4
Naji Marshall,DAL,1919,2.3,1.1,0.8,0,1,0,0,5.1,4413.7,2110.9,1535.2,0,1919,0,0,9786.9
Alec Burks,MIA,863,1,0.4,0,2.4,0.4,0.8,0,5.1,863,345.2,0,2071.2,345.2,690.4,0,4401.3
DaQuan Jeffries,CHA,1071,1.4,0.3,0.8,1.3,0.8,0.5,0,5.1,1499.4,321.3,856.8,1392.3,856.8,535.5,0,5462.1
Josh Giddey,CHI,2117,2.2,2.1,0.7,0,1.4,-1.4,0,5,4657.4,4445.7,1481.9,0,2963.8,-2963.8,0,10585
Jeremy Sochan,SAS,1364,1,0.7,1.4,0,2.3,-0.3,0,5,1364,954.8,1909.6,0,3137.2,-409.2,0,6820
Quentin Grimes,PHI,1342,2.2,0.9,0.7,0.7,0.7,-0.2,0,5,2952.4,1207.8,939.4,939.4,939.4,-268.4,0,6710
Trey Lyles,SAC,1349,0.7,0.6,0.7,0.7,1.5,0.8,0,5,944.3,809.4,944.3,944.3,2023.5,1079.2,0,6745
Jalen Johnson,ATL,1284,1.5,1.5,1.2,0,1.1,-0.6,0.2,5,1926,1926,1540.8,0,1412.4,-770.4,256.8,6420
Donte DiVincenzo,MIN,1606,1.3,1.2,0.2,2,0.5,-0.3,0,4.9,2087.8,1927.2,321.2,3212,803,-481.8,0,7869.4
Al Horford,BOS,1659,0.5,0.9,0.4,0.7,1.3,0.8,0.3,4.9,829.5,1493.1,663.6,1161.3,2156.7,1327.2,497.7,8129.1
Kyle Kuzma,MIL,1291,2.5,0.7,1.2,0,0.6,-0.3,0.2,4.9,3226.666667,903.4666667,1548.8,0,774.4,-387.2,258.1333333,6324.266667
Kevin Porter Jr.,MIL,988,2.7,1.7,0.4,0,0.7,-0.8,0.2,4.9,2667.6,1679.6,395.2,0,691.6,-790.4,197.6,4841.2
Garrison Mathews,ATL,830,0,0.5,0,3.3,0.4,0.6,0,4.8,0,415,0,2739,332,498,0,3984
Isaac Okoro,CLE,1053,0.7,0.7,1.2,0,1.1,1.1,0,4.8,737.1,737.1,1263.6,0,1158.3,1158.3,0,5054.4
Tosan Evbuomwan,BKN,665,2.5,0.6,0.7,0,1.2,-0.3,0,4.8,1662.5,399,465.5,0,798,-199.5,0,3192
Russell Westbrook,DEN,2092,2.1,2.3,0.9,0,1.2,-1.9,0.2,4.8,4393.2,4811.6,1882.8,0,2510.4,-3974.8,418.4,10041.6
Kenrich Williams,OKC,1132,1.2,0.8,0.7,0,1.4,0.6,0,4.8,1358.4,905.6,792.4,0,1584.8,679.2,0,5433.6
Kelly Olynyk,NOP,594,2.2,1.4,0.6,0,1.7,-1.7,0.5,4.8,1306.8,831.6,356.4,0,1009.8,-1009.8,297,2851.2
A.J. Lawson,TOR,486,0,0.6,1.8,0,1,1.4,0,4.7,0,291.6,874.8,0,486,680.4,0,2284.2
Julian Champagnie,SAS,1932,0.7,0.5,0.6,1.4,0.8,0.6,0,4.7,1352.4,966,1159.2,2704.8,1545.6,1159.2,0,9080.4
Dyson Daniels,ATL,2571,1.6,1.2,1.1,0,1.1,-0.3,0,4.7,4113.6,3085.2,2828.1,0,2828.1,-771.3,0,12083.7
Matas Buzelis,CHI,1511,1.8,0.4,1.3,0,0.9,0.3,0,4.7,2719.8,604.4,1964.3,0,1359.9,453.3,0,7101.7
Jusuf Nurkic,CHA,709,1.3,1.1,1.1,0,2,-1.6,0.7,4.6,921.2666667,779.5333333,779.5333333,0,1417.333333,-1133.866667,496.0666667,3259.866667
Dereck Lively II,DAL,833,0,1.1,1.3,0,3,-0.7,0,4.6,0,916.3,1082.9,0,2499,-583.1,0,3831.8
Zaccharie Risacher,ATL,1843,0.9,0.4,1.6,0,1.1,0.6,0,4.6,1658.7,737.2,2948.8,0,2027.3,1105.8,0,8477.8
Jae'Sean Tate,HOU,588,1.7,0.8,0,0,1.9,0.2,0,4.6,999.6,470.4,0,0,1117.2,117.6,0,2704.8
Justin Champagnie,WAS,1340,0.7,0.2,1.4,0,2,0.3,0,4.6,938,268,1876,0,2680,402,0,6164
Zach Edey,MEM,1416,0,0.4,0.5,0,3.7,-0.7,0.7,4.6,0,566.4,708,0,5239.2,-991.2,991.2,6513.6
Jay Huff,MEM,748,1.3,0.5,1.1,0,1,0.7,0,4.6,972.4,374,822.8,0,748,523.6,0,3440.8
Kelly Oubre Jr.,PHI,2078,1.4,0.4,0.8,0,1.2,0.8,0,4.6,2909.2,831.2,1662.4,0,2493.6,1662.4,0,9558.8
Rudy Gobert,MIN,2388,0.3,0.4,0.8,0,2.8,0,0.2,4.6,716.4,955.2,1910.4,0,6686.4,0,477.6,10984.8
Wendell Carter Jr.,ORL,1758,0.9,0.6,0.7,0,2.3,0.1,0,4.5,1582.2,1054.8,1230.6,0,4043.4,175.8,0,7911
Pelle Larsson,MIA,782,1.1,0.8,1.1,0,0.9,0.6,0,4.5,860.2,625.6,860.2,0,703.8,469.2,0,3519
Cole Anthony,ORL,1234,2,1.4,0,0.7,1,-0.6,0,4.5,2468,1727.6,0,863.8,1234,-740.4,0,5553
Mouhamed Gueye,ATL,533,0,0.4,1,0,2,1.2,0,4.5,0,213.2,533,0,1066,639.6,0,2398.5
Thomas Bryant,IND,642,0,0.4,0.9,0,2,1.2,0,4.5,0,256.8,577.8,0,1284,770.4,0,2889
Dean Wade,CLE,1252,0,0.6,0.4,1.2,1.1,1.2,0,4.5,0,751.2,500.8,1502.4,1377.2,1502.4,0,5634
Jalen Pickett,DEN,666,1.3,1.2,0,1.3,0.5,0.2,0,4.5,865.8,799.2,0,865.8,333,133.2,0,2997
Goga Bitadze,ORL,1430,0.7,0.6,0.9,0,3,-0.7,0,4.5,1001,858,1287,0,4290,-1001,0,6435
Dalton Knecht,LAL,1494,0.7,0.4,1.2,0,0.7,1.5,0,4.5,1045.8,597.6,1792.8,0,1045.8,2241,0,6723
Jonathan Isaac,ORL,1090,0,0.4,0.5,0,2.7,0.9,0,4.5,0,436,545,0,2943,981,0,4905
Brook Lopez,MIL,2546,1,0.5,0.5,0.4,1,0.7,0.3,4.4,2546,1273,1273,1018.4,2546,1782.2,763.8,11202.4
Walker Kessler,UTA,1740,0,0.4,1,0,3.7,-0.6,0,4.4,0,696,1740,0,6438,-1044,0,7656
P.J. Washington,DAL,1835,2,0.9,0.5,0,1,-0.3,0.2,4.4,3670,1651.5,917.5,0,1835,-550.5,367,8074
Kyle Filipowski,UTA,1522,1.3,0.8,0.9,0,1.7,-0.6,0.2,4.4,1978.6,1217.6,1369.8,0,2587.4,-913.2,304.4,6696.8
Myles Turner,IND,2174,0.8,0.4,1,0.7,1,0.1,0.4,4.4,1739.2,869.6,2174,1521.8,2174,217.4,869.6,9565.6
Nick Richards,PHX,837,0,0.4,1.9,0,3,-1,0,4.3,0,334.9333333,1590.933333,0,2512,-837.3333333,0,3600.533333
Nic Claxton,BKN,1882,0.9,0.6,0.7,0,2.1,0.1,0,4.3,1693.8,1129.2,1317.4,0,3952.2,188.2,0,8092.6
Dalano Banton,POR,1120,2.1,1.3,0.6,0,0.6,-0.2,0,4.3,2352,1456,672,0,672,-224,0,4816
Dalen Terry,CHI,987,2.3,1,0.8,0,0.9,-0.6,0,4.3,2270.1,987,789.6,0,888.3,-592.2,0,4244.1
Tristan da Silva,ORL,1629,0.9,0.6,1,0,1.1,0.6,0,4.3,1466.1,977.4,1629,0,1791.9,977.4,0,7004.7
Jake LaRavia,SAC,899,1.4,0.9,0.5,1.1,1.6,-1.1,0,4.3,1259.066667,809.4,449.6666667,989.2666667,1438.933333,-989.2666667,0,3867.133333
Josh Okogie,CHA,417,1.4,0.9,0,0,1.7,0.3,0,4.3,583.3333333,375,0,0,708.3333333,125,0,1791.666667
Isaiah Collier,UTA,1839,3.6,2.1,0.5,0.5,0.4,-2.9,0,4.2,6620.4,3861.9,919.5,919.5,735.6,-5333.1,0,7723.8
Jeremiah Robinson-Earl,NOP,1239,0.7,0.6,0.8,0,2,0,0,4.2,867.3,743.4,991.2,0,2478,0,0,5203.8
Steven Adams,HOU,794,0,0.7,0.5,0,5,-1.9,0,4.2,0,555.8,397,0,3970,-1508.6,0,3334.8
Ziaire Williams,BKN,1541,0.7,0.5,0.9,0.6,1,0.4,0,4.2,1078.7,770.5,1386.9,924.6,1541,616.4,0,6472.2
Dillon Brooks,HOU,2388,0.9,0.4,0.3,0.5,0.8,1.1,0.1,4.2,2149.2,955.2,716.4,1194,1910.4,2626.8,238.8,10029.6
Kris Murray,POR,1040,0.9,0.5,1,0,1.8,0,0,4.2,936,520,1040,0,1872,0,0,4368
Keyonte George,UTA,2109,1.8,1.7,0.3,0.6,0.3,-0.6,0,4.1,3796.2,3585.3,632.7,1265.4,632.7,-1265.4,0,8646.9
Gradey Dick,TOR,1587,0.9,0.5,1,0.7,0.6,0.4,0,4.1,1428.3,793.5,1587,1110.9,952.2,634.8,0,6506.7
Quinten Post,GSW,686,0.9,0.8,0.7,0,1.3,0.5,0,4.1,617.4,548.8,480.2,0,891.8,343,0,2812.6
Santi Aldama,MEM,1660,0.5,0.8,0.8,0,1.2,0.7,0,4.1,830,1328,1328,0,1992,1162,0,6806
Jordan Clarkson,UTA,962,2.2,1.5,0,0,0.6,-0.3,0,4.1,2116.4,1443,0,0,577.2,-288.6,0,3944.2
Nikola Jovic,MIA,1156,1.4,1.1,0.6,0,0.6,-0.1,0.4,4.1,1618.4,1271.6,693.6,0,693.6,-115.6,462.4,4739.6
Luguentz Dort,OKC,2073,0.3,0.5,0.4,0.7,1.1,1.1,0,4,621.9,1036.5,829.2,1451.1,2280.3,2280.3,0,8292
Svi Mykhailiuk,UTA,760,1.3,1.2,0,1.2,0.7,-0.4,0,4,988,912,0,912,532,-304,0,3040
Derrick Jones Jr.,LAC,1873,0.8,0.3,1,0,1.2,0.7,0,4,1498.4,561.9,1873,0,2247.6,1311.1,0,7492
Amir Coffey,LAC,1748,1.1,0.4,0.9,0,0.5,1.1,0,3.9,1922.8,699.2,1573.2,0,874,1922.8,0,6817.2
Nickeil Alexander-Walker,MIN,2073,1.2,1.1,0.2,0.9,0.7,-0.1,0,3.9,2487.6,2280.3,414.6,1865.7,1451.1,-207.3,0,8084.7
Paul Reed,DET,438,0,0.7,1.2,0,2.3,-0.4,0,3.9,0,306.6,525.6,0,1007.4,-175.2,0,1708.2
Ochai Agbaji,TOR,1739,0.6,0.5,1.2,0,0.8,0.8,0,3.9,1043.4,869.5,2086.8,0,1391.2,1391.2,0,6782.1
Aaron Holiday,HOU,792,1.3,0.8,0,1.2,0.4,0.2,0,3.9,1029.6,633.6,0,950.4,316.8,158.4,0,3088.8
Julian Phillips,CHI,1123,0,0.3,1.2,0,1.5,1,0,3.9,0,336.9,1347.6,0,1684.5,1123,0,4379.7
Jared McCain,PHI,592,2.3,0.7,0,0,0.6,0.3,0,3.9,1361.6,414.4,0,0,355.2,177.6,0,2308.8
Marcus Smart,WAS,453,2.6,1.4,0,0,0.6,-0.7,0,3.9,1178.666667,634.6666667,0,0,272,-317.3333333,0,1768
Donovan Clingan,POR,1324,0,0.3,0.4,0,4,-0.8,0,3.9,0,397.2,529.6,0,5296,-1059.2,0,5163.6
Kel'el Ware,MIA,1422,0,0.3,0.8,0,2,0.4,0.2,3.8,0,426.6,1137.6,0,2844,568.8,284.4,5403.6
Precious Achiuwa,NYK,1170,0,0.3,1.1,0,2.1,0.3,0,3.8,0,351,1287,0,2457,351,0,4446
Shake Milton,LAL,558,2.2,0.9,0,0,0.9,-0.1,0,3.8,1227.6,502.2,0,0,502.2,-55.8,0,2120.4
Javonte Green,CLE,839,0.6,0.4,0.8,0,1.1,0.9,0,3.8,503.2,335.4666667,670.9333333,0,922.5333333,754.8,0,3186.933333
Andrew Nembhard,IND,1881,2.5,1.4,0.3,0,0.4,-0.8,0,3.8,4702.5,2633.4,564.3,0,752.4,-1504.8,0,7147.8
Ajay Mitchell,OKC,597,1.9,1.1,0,0,0.8,-0.1,0,3.8,1134.3,656.7,0,0,477.6,-59.7,0,2268.6
Neemias Queta,BOS,863,0,0.6,1,0,2.7,-0.6,0,3.8,0,517.8,863,0,2330.1,-517.8,0,3279.4
Max Christie,DAL,1418,1.1,0.6,0.5,1,0.4,0.1,0,3.7,1559.8,850.8,709,1418,567.2,141.8,0,5246.6
Royce O'Neale,PHX,1837,0,1.2,0.4,0.9,0.7,0.5,0,3.7,0,2204.4,734.8,1653.3,1285.9,918.5,0,6796.9
Simone Fontecchio,DET,1237,0,0.4,0.4,1.9,0.8,0.2,0,3.7,0,494.8,494.8,2350.3,989.6,247.4,0,4576.9
Jose Alvarado,NOP,1366,1.8,1.8,0,0,0.5,-0.3,0,3.7,2458.8,2458.8,0,0,683,-409.8,0,5054.2
Jaylen Wells,MEM,2043,0.6,0.5,0.6,0,1,0.9,0.1,3.7,1225.8,1021.5,1225.8,0,2043,1838.7,204.3,7559.1
Blake Wesley,SAS,683,2.1,1.5,1.3,0,0.6,-1.8,0,3.7,1434.3,1024.5,887.9,0,409.8,-1229.4,0,2527.1
Kai Jones,LAC,312,0,0.6,1.3,0,2.1,-0.3,0,3.7,0,187.2,405.6,0,655.2,-93.6,0,1154.4
Ben Sheppard,IND,1228,0,0.3,0.6,0.7,0.8,1.2,0,3.7,0,368.4,736.8,859.6,982.4,1473.6,0,4543.6
Caleb Houstan,ORL,788,0,0.4,0,1.3,0.7,1.4,0,3.7,0,315.2,0,1024.4,551.6,1103.2,0,2915.6
Peyton Watson,DEN,1656,0.8,0.5,1.2,0,0.8,0.5,0,3.7,1324.8,828,1987.2,0,1324.8,828,0,6127.2
Larry Nance Jr.,ATL,463,0,0.6,1.2,0,1.2,0.7,0,3.7,0,277.8,555.6,0,555.6,324.1,0,1713.1
Jabari Smith Jr.,HOU,1716,0,0.3,0.6,0.6,1.4,0.8,0,3.7,0,514.8,1029.6,1029.6,2402.4,1372.8,0,6349.2
Jamal Cain,NOP,502,1.6,0.3,0,0,1.4,0.3,0,3.7,803.2,150.6,0,0,702.8,150.6,0,1857.4
Dejounte Murray,NOP,1012,2.2,1.9,0,0,0.4,-0.9,0,3.6,2226.4,1922.8,0,0,404.8,-910.8,0,3643.2
Dorian Finney-Smith,LAL,1212,0.5,0.5,0.5,0.7,1.1,0.3,0,3.6,606,606,606,848.4,1333.2,363.6,0,4363.2
Cody Martin,PHX,782,1,0.9,0.7,0,1.1,-0.1,0,3.6,782,703.8,547.4,0,860.2,-78.2,0,2815.2
Marcus Sasser,DET,811,2.1,1.4,0,0,0.6,-0.5,0,3.5,1703.1,1135.4,0,0,486.6,-405.5,0,2838.5
Jalen Wilson,BKN,2031,1,0.6,0.4,0,0.9,0.5,0,3.5,2031,1218.6,812.4,0,1827.9,1015.5,0,7108.5
Cory Joseph,ORL,612,1.6,0.8,0,0,0.6,0.5,0,3.5,979.2,489.6,0,0,367.2,306,0,2142
Jalen Suggs,ORL,1002,2,1.2,0.6,0,0.6,-0.9,0,3.5,2004,1202.4,601.2,0,601.2,-901.8,0,3507
Rob Dillingham,MIN,516,2.9,1.7,0,0,0.6,-1.7,0,3.5,1496.4,877.2,0,0,309.6,-877.2,0,1806
Jonathan Mogbo,TOR,1286,0,0.9,1.1,0,2.1,-0.6,0,3.4,0,1157.4,1414.6,0,2700.6,-771.6,0,4372.4
Taurean Prince,MIL,2166,1.1,0.9,0,1.4,0.3,-0.2,0,3.4,2382.6,1949.4,0,3032.4,649.8,-433.2,0,7364.4
Toumani Camara,POR,2548,0.8,0.5,0.5,0,1.6,0,0,3.4,2038.4,1274,1274,0,4076.8,0,0,8663.2
Landry Shamet,NYK,762,0,0.4,0.6,1.3,0.3,0.9,0,3.4,0,304.8,457.2,990.6,228.6,685.8,0,2590.8
KJ Simpson,CHA,842,1.8,1,0,0,1.1,-0.6,0,3.4,1515.6,842,0,0,926.2,-505.2,0,2862.8
Andre Drummond,PHI,751,0,0.2,0.7,0,3.5,-1,0,3.4,0,150.2,525.7,0,2628.5,-751,0,2553.4
Jock Landale,HOU,500,0,0.4,0,0,2.6,0.3,0,3.4,0,200,0,0,1300,150,0,1700
Lonnie Walker IV,PHI,477,1.7,0.8,0,0,0.3,0.5,0,3.4,810.9,381.6,0,0,143.1,238.5,0,1621.8
Brice Sensabaugh,UTA,1432,1.2,0.8,0.5,0.8,0.7,-0.5,0,3.4,1718.4,1145.6,716,1145.6,1002.4,-716,0,4868.8
Zeke Nnaji,DEN,608,0,0,1,0,1.4,1,0,3.4,0,0,608,0,851.2,608,0,2067.2
Kris Dunn,LAC,1783,1.2,1.2,0.6,0,0.8,-0.4,0,3.4,2139.6,2139.6,1069.8,0,1426.4,-713.2,0,6062.2
Kentavious Caldwell-Pope,ORL,2279,0.7,0.5,0.3,1,0.4,0.6,0,3.4,1595.3,1139.5,683.7,2279,911.6,1367.4,0,7748.6
Gui Santos,GSW,762,0,1.2,1.2,0,2.1,-1.2,0,3.3,0,914.4,914.4,0,1600.2,-914.4,0,2514.6
Bol Bol,PHX,448,0,0,1.5,0,1.1,0.7,0,3.3,0,0,672,0,492.8,313.6,0,1478.4
Gabe Vincent,LAL,1527,0.6,0.7,0.3,0.7,0.3,0.8,0,3.3,916.2,1068.9,458.1,1068.9,458.1,1221.6,0,5039.1
Craig Porter Jr.,CLE,513,1.6,1.3,1.1,0,1,-1.7,0,3.3,820.8,666.9,564.3,0,513,-872.1,0,1692.9
Karlo Matkovic,NOP,791,0,0.4,1.4,0,2,-0.5,0,3.3,0,316.4,1107.4,0,1582,-395.5,0,2610.3
Jett Howard,ORL,701,1.8,0.6,0,0,0.7,0.1,0,3.3,1261.8,420.6,0,0,490.7,70.1,0,2313.3
Jamal Shead,TOR,1467,1.9,1.8,0.4,0,0.5,-1.3,0,3.2,2787.3,2640.6,586.8,0,733.5,-1907.1,0,4694.4
Caleb Martin,DAL,812,1.4,1,0,0,1.1,-0.4,0,3.2,1136.8,812,0,0,893.2,-324.8,0,2598.4
Richaun Holmes,WAS,534,0,0,0,0,2.9,0.2,0,3.2,0,0,0,0,1548.6,106.8,0,1708.8
Jamison Battle,TOR,1042,0,0.4,0.7,0,0.8,1.2,0,3.1,0,416.8,729.4,0,833.6,1250.4,0,3230.2
Duop Reath,POR,469,0,0,0,0,2.2,0.9,0,3.1,0,0,0,0,1031.8,422.1,0,1453.9
Anthony Black,ORL,1887,1.7,1,0.5,0,0.8,-0.9,0,3.1,3207.9,1887,943.5,0,1509.6,-1698.3,0,5849.7
Jaylen Clark,MIN,522,0,0.4,0,0,1.2,1.6,0,3.1,0,208.8,0,0,626.4,835.2,0,1618.2
Jabari Walker,POR,749,0,0.2,1,0,1.8,0.2,0,3.1,0,149.8,749,0,1348.2,149.8,0,2321.9
Patrick Williams,CHI,1576,1.1,0.6,0.3,0.8,0.6,-0.3,0,3.1,1733.6,945.6,472.8,1260.8,945.6,-472.8,0,4885.6
Isaiah Stewart,DET,1434,0,0.5,1,0,2.2,-0.9,0.2,3.1,0,717,1434,0,3154.8,-1290.6,286.8,4445.4
Jaxson Hayes,LAL,1093,0,0.4,1.3,0,1.8,-0.4,0,3,0,437.2,1420.9,0,1967.4,-437.2,0,3279
Justin Edwards,PHI,1155,1.4,0.4,0,0,0.9,0.3,0,3,1617,462,0,0,1039.5,346.5,0,3465
Bilal Coulibaly,WAS,1948,1.2,0.6,0.7,0,1.1,-0.6,0,3,2337.6,1168.8,1363.6,0,2142.8,-1168.8,0,5844
Oso Ighodaro,PHX,1045,0,0.8,1.4,0,1.6,-0.8,0,3,0,836,1463,0,1672,-836,0,3135
Vince Williams Jr.,MEM,499,0,1.1,0,1.7,1,-0.8,0,3,0,548.9,0,848.3,499,-399.2,0,1497
Mason Plumlee,PHX,1300,0,1.1,1.1,0,2.3,-1.4,0,3,0,1430,1430,0,2990,-1820,0,3900
Davion Mitchell,MIA,1351,2.7,1.3,0.2,0,0.4,-1.7,0,3,3648.6,1756.733333,270.2666667,0,540.5333333,-2297.266667,0,4054
Scoot Henderson,POR,1759,2.4,1.3,0,0,0.7,-1.4,0,3,4221.6,2286.7,0,0,1231.3,-2462.6,0,5277
Kyle Lowry,PHI,659,0,1.2,0,1.7,0.3,-0.3,0,2.9,0,790.8,0,1120.3,197.7,-197.7,0,1911.1
Jarred Vanderbilt,LAL,581,0,0.7,0.7,0,2.7,-1.2,0,2.9,0,406.7,406.7,0,1568.7,-697.2,0,1684.9
Daniel Theis,NOP,621,0,0.8,1,0,1.7,-0.6,0,2.9,0,496.8,621,0,1055.7,-372.6,0,1800.9
KJ Martin,UTA,608,0,0.4,1,0,0.8,0.6,0,2.8,0,243.2,608,0,486.4,364.8,0,1702.4
Tristan Vukcevic,WAS,513,0,0.5,1.4,0,1.2,-0.3,0,2.8,0,256.5,718.2,0,615.6,-153.9,0,1436.4
Kyshawn George,WAS,1802,1.4,0.8,0.4,0,0.6,-0.4,0,2.8,2522.8,1441.6,720.8,0,1081.2,-720.8,0,5045.6
Nicolas Batum,LAC,1367,0,0.5,0,1.4,0.8,0,0,2.8,0,683.5,0,1913.8,1093.6,0,0,3827.6
Drew Eubanks,UTA,497,0,0.4,1.1,0,2,-0.7,0,2.7,0,198.9333333,547.0666667,0,994.6666667,-348.1333333,0,1342.8
Draymond Green,GSW,1983,0.8,2.6,1,0,0.8,-2.5,0,2.7,1586.4,5155.8,1983,0,1586.4,-4957.5,0,5354.1
Kessler Edwards,DAL,608,0,0.6,0.7,0,0.9,0.5,0,2.6,0,364.8,425.6,0,547.2,304,0,1580.8
Dwight Powell,DAL,551,0,0.9,1,0,2.1,-1.4,0,2.6,0,495.9,551,0,1157.1,-771.4,0,1432.6
Josh Green,CHA,1887,0.4,0.6,0.5,0.6,0.7,-0.3,0,2.6,754.8,1132.2,943.5,1132.2,1320.9,-566.1,0,4906.2
Nick Smith Jr.,CHA,1369,0.7,0.9,0,0.8,0.2,0,0,2.6,958.3,1232.1,0,1095.2,273.8,0,0,3559.4
Adem Bona,PHI,905,1,0.3,0.7,0,2.5,-1.9,0,2.6,905,271.5,633.5,0,2262.5,-1719.5,0,2353
Julian Strawther,DEN,1384,0.8,0.5,0.3,0,0.3,0.6,0,2.5,1107.2,692,415.2,0,415.2,830.4,0,3460
Jarace Walker,IND,1187,1.6,0.8,0.7,0,0.5,-1,0,2.5,1899.2,949.6,830.9,0,593.5,-1187,0,2967.5
DeAndre Jordan,DEN,691,0,0.4,0.7,0,3,-1.6,0,2.5,0,276.4,483.7,0,2073,-1105.6,0,1727.5
AJ Johnson,WAS,426,1.4,0.5,0.7,0,0.3,-0.5,0,2.5,596.4,213,298.2,0,127.8,-213,0,1065
Haywood Highsmith,MIA,1818,0,0.5,0.8,0,1,0.2,0,2.5,0,909,1454.4,0,1818,363.6,0,4545
Dillon Jones,OKC,551,0,0.7,1.2,0,1.4,-0.9,0,2.4,0,385.7,661.2,0,771.4,-495.9,0,1322.4
Antonio Reeves,NOP,660,0,0.5,0.8,0,0.7,0.5,0,2.4,0,330,528,0,462,330,0,1584
Jaylon Tyson,CLE,453,0,0.8,0,0,2,-0.4,0,2.3,0,362.4,0,0,906,-181.2,0,1041.9
Noah Clowney,BKN,1042,0,0.3,0.6,0,1,0.5,0,2.3,0,312.6,625.2,0,1042,521,0,2396.6
Lonzo Ball,CHI,777,1,0.9,0,0,0.8,-0.4,0,2.3,777,699.3,0,0,621.6,-310.8,0,1787.1
Jaylin Williams,OKC,784,0,1.1,0,0,1.3,-0.2,0,2.3,0,862.4,0,0,1019.2,-156.8,0,1803.2
Eric Gordon,PHI,768,1,0.5,0,0,0.3,0.3,0,2,768,384,0,0,230.4,230.4,0,1536
Cody Williams,UTA,1060,0.8,0.4,0.5,0,0.6,-0.3,0,2,848,424,530,0,636,-318,0,2120
Jaden Hardy,DAL,907,1.4,1,0,0,0.2,-0.7,0,2,1269.8,907,0,0,181.4,-634.9,0,1814
Bismack Biyombo,SAS,528,0,0.4,0.8,0,2.1,-1.3,0,2,0,211.2,422.4,0,1108.8,-686.4,0,1056
Ben Simmons,LAC,747,1.5,2.3,0.6,0,1.1,-3.5,0,1.9,1120,1717.333333,448,0,821.3333333,-2613.333333,0,1418.666667
Jordan Goodwin,LAL,543,0,0.7,0,0,1.7,-0.6,0,1.8,0,380.1,0,0,923.1,-325.8,0,977.4
Delon Wright,MIA,423,0,1,0,0,1.1,-0.2,0,1.8,0,423.3333333,0,0,465.6666667,-84.66666667,0,762
John Konchar,MEM,558,0,0.7,0,0,1.5,-0.5,0,1.8,0,390.6,0,0,837,-279,0,1004.4
Cam Reddish,LAL,589,0,0.4,0,0,0.7,0.5,0,1.6,0,235.6,0,0,412.3,294.5,0,942.4
Reed Sheppard,HOU,654,0,0.8,0,0,0.6,-0.2,0,1.2,0,523.2,0,0,392.4,-130.8,0,784.8
Gary Harris,ORL,711,0,0.2,0,0,0.6,0.3,0,1.1,0,142.2,0,0,426.6,213.3,0,782.1
Andre Jackson Jr.,MIL,980,0,1,0.6,0,1.6,-2.2,0,1,0,980,588,0,1568,-2156,0,980
Herbert Jones,NOP,648,0,0.6,0,0,0.8,-0.8,0,0.7,0,388.8,0,0,518.4,-518.4,0,453.6
Rayan Rupert,POR,460,0,0.4,0,0,1.2,-0.9,0,0.7,0,184,0,0,552,-414,0,322
Micah Potter,UTA,705,0,0.4,0,0,1.4,-1.2,0,0.6,0,282,0,0,987,-846,0,423
Grant Williams,CHA,479,0,0.7,0,0,0.9,-1,0,0.6,0,335.3,0,0,431.1,-479,0,287.4
Maxi Kleber,DAL,637,0,0.6,0,0,0.9,-1.3,0,0.2,0,382.2,0,0,573.3,-828.1,0,127.4
Jericho Sims,MIL,421,0,0.3,0.6,0,3,-4.2,0,-0.2,0,126.4,252.8,0,1264,-1769.6,0,-84.26666667
Vasilije Micic,PHX,523,2,1.8,0,0,0.6,-8,0,-3.6,1046.666667,942,0,0,314,-4186.666667,0,-1884